date,ciss_index,chf-eur_exchange_rate_control,commercial_bank_bond_yield,government_bond_yield,commercial_bank_bond_spread,snb_policy_rate
2010-01-01,0.1649161447868745,,,,,0.375
2010-01-08,0.16588642094780193,1.48398,2.1872,1.8552,0.33199999999999996,0.375
2010-01-15,0.14598816424569647,1.47692,2.164,1.8228000000000002,0.34119999999999995,0.375
2010-01-22,0.18610092527696023,1.4739799999999998,2.1208,1.7722000000000002,0.3486000000000001,0.375
2010-01-29,0.24576849742997958,1.47118,2.1193999999999997,1.7716,0.34780000000000005,0.375
2010-02-05,0.22988198615627997,1.47136,2.0718,1.7391999999999999,0.3326000000000001,0.375
2010-02-12,0.23046811690814034,1.46604,2.0488,1.703,0.34579999999999994,0.375
2010-02-19,0.24566380189825154,1.46654,2.0100000000000002,1.675,0.335,0.375
2010-02-26,0.26523235985313026,1.46456,2.012,1.6878,0.3242,0.375
2010-03-05,0.261031513424784,1.4633,1.9886000000000004,1.6323999999999999,0.35620000000000007,0.375
2010-03-12,0.2178579574562891,1.46182,2.0178000000000003,1.645,0.3728000000000001,0.375
2010-03-19,0.1707641012083177,1.44804,2.0584,1.7022,0.3562,0.375
2010-03-26,0.1314968550432694,1.43034,2.0284,1.6948,0.3335999999999999,0.375
2010-04-02,0.13023866185940708,1.4275,2.00775,1.689,0.31875,0.375
2010-04-09,0.12922611614905982,1.43335,2.05,1.718,0.33199999999999985,0.375
2010-04-16,0.1428145770091244,1.4362400000000002,2.0522,1.73,0.32219999999999993,0.375
2010-04-23,0.16144120431306824,1.43376,1.9969999999999999,1.6758,0.3212,0.375
2010-04-30,0.2380787075932076,1.43448,1.9460000000000002,1.6146,0.3314,0.375
2010-05-07,0.3564001808506886,1.4250800000000001,1.8892,1.5126,0.3766,0.375
2010-05-14,0.46124764365078014,1.40872,1.87125,1.4855,0.38575,0.375
2010-05-21,0.5086616068036254,1.41344,1.77,1.3884,0.3816,0.375
2010-05-28,0.5744529795576118,1.42422,1.66775,1.2775,0.39025,0.375
2010-06-04,0.589973201673933,1.4132200000000001,1.7086,1.3216,0.38699999999999996,0.375
2010-06-11,0.6034726673141481,1.38294,1.677,1.2964,0.3806,0.375
2010-06-18,0.5402918888031017,1.38638,1.7193999999999998,1.3666,0.35280000000000006,0.375
2010-06-25,0.45603847717154355,1.3611799999999998,1.7073999999999998,1.3784,0.32899999999999996,0.375
2010-07-02,0.4898740106499183,1.32964,1.6692,1.292,0.3772,0.375
2010-07-09,0.46693353845235375,1.33324,1.6545999999999998,1.2568,0.3978,0.375
2010-07-16,0.3921979660464036,1.34154,1.6443999999999999,1.2638,0.38059999999999994,0.375
2010-07-23,0.37134303070007835,1.35046,1.6334,1.2597999999999998,0.37360000000000004,0.375
2010-07-30,0.3286526703485504,1.3661999999999999,1.6838000000000002,1.3162,0.3676,0.375
2010-08-06,0.33000513978341667,1.3750399999999998,1.6782,1.3052,0.373,0.375
2010-08-13,0.3662517421391112,1.36682,1.5496,1.1794,0.3702,0.375
2010-08-20,0.41388957322884135,1.33332,1.4106,1.0496,0.361,0.375
2010-08-27,0.4081602962900492,1.30682,1.3530000000000002,0.9882,0.36480000000000007,0.375
2010-09-03,0.39512119996333767,1.29906,1.4312,1.0623999999999998,0.36880000000000007,0.375
2010-09-10,0.4211064745774856,1.29378,1.5661999999999998,1.2056,0.3606,0.375
2010-09-17,0.42494340666827873,1.3071199999999998,1.7,1.3328,0.3672,0.375
2010-09-24,0.42551158772277775,1.31668,1.6148,1.2518,0.36300000000000004,0.375
2010-10-01,0.3856111175349733,1.3306799999999999,1.5814,1.2056,0.3757999999999999,0.375
2010-10-08,0.34666983672451424,1.33742,1.6418,1.2482,0.3936,0.375
2010-10-15,0.291607456408496,1.33742,1.669,1.2280000000000002,0.441,0.375
2010-10-22,0.28282181333851764,1.3429,1.653,1.2928000000000002,0.36019999999999996,0.375
2010-10-29,0.23911014857294713,1.36382,1.6904,1.3256000000000001,0.3648,0.375
2010-11-05,0.20650216668485935,1.37222,1.6238,1.2734,0.35039999999999993,0.375
2010-11-12,0.24070482012200908,1.33792,1.6064,1.2628,0.3436,0.375
2010-11-19,0.26978176147070365,1.34688,1.6669999999999998,1.3152000000000001,0.35179999999999995,0.375
2010-11-26,0.3547777859872122,1.33394,1.7268000000000001,1.3528,0.374,0.375
2010-12-03,0.45076407110268707,1.31314,1.8010000000000002,1.4196,0.3814,0.375
2010-12-10,0.44818081717783054,1.3052800000000002,1.8256000000000001,1.4546,0.37100000000000005,0.375
2010-12-17,0.39170573906737666,1.28632,1.984,1.6088,0.3752,0.375
2010-12-24,0.2902927968990667,1.25968,1.9172500000000001,1.56275,0.3545,0.375
2010-12-31,0.19457605926307017,1.25202,1.87825,1.527,0.35125,0.375
2011-01-07,0.18330133309379856,1.2588000000000001,1.8652000000000002,1.4988,0.36639999999999995,0.375
2011-01-14,0.24691849135288385,1.26714,1.9048000000000003,1.5535999999999999,0.35120000000000007,0.375
2011-01-21,0.29352686719455034,1.29032,2.0298000000000003,1.6736,0.3562,0.375
2011-01-28,0.23604038557043525,1.29328,2.0118,1.668,0.34379999999999994,0.375
2011-02-04,0.244637676734866,1.2941600000000002,2.029,1.6786,0.3504,0.375
2011-02-11,0.19544493033720287,1.30806,2.066,1.7213999999999998,0.3446000000000001,0.375
2011-02-18,0.14524969216564326,1.30416,2.0502,1.7100000000000002,0.3402,0.375
2011-02-25,0.0990026574406705,1.2840799999999999,2.0402,1.6802,0.36,0.375
2011-03-04,0.08637539746526594,1.28664,2.06,1.6918,0.36819999999999997,0.375
2011-03-11,0.09722024675112936,1.2917,2.0507999999999997,1.7024000000000001,0.34839999999999993,0.375
2011-03-18,0.21556349851161868,1.2767,1.9676000000000002,1.6085999999999998,0.35900000000000004,0.375
2011-03-25,0.3258776750083904,1.28314,2.033,1.6652,0.36780000000000007,0.375
2011-04-01,0.30241545529399355,1.29844,2.1076,1.7474,0.3602,0.375
2011-04-08,0.25472883384537065,1.31198,2.1957999999999998,1.8738,0.32199999999999995,0.375
2011-04-15,0.2269847128454428,1.29834,2.266,1.9434,0.3226,0.375
2011-04-22,0.32280245072026703,1.2864499999999999,2.191,1.88775,0.3032500000000001,0.375
2011-04-29,0.29041646282277955,1.288425,2.1865,1.86925,0.31725,0.375
2011-05-06,0.24925170079225928,1.2772000000000001,2.1748000000000003,1.859,0.31580000000000014,0.375
2011-05-13,0.3135528605313519,1.26262,2.0286,1.7259999999999998,0.30259999999999987,0.375
2011-05-20,0.24324693740332076,1.2546599999999999,2.0412,1.7149999999999999,0.32620000000000005,0.375
2011-05-27,0.26096154136470917,1.23346,1.9920000000000002,1.6591999999999998,0.3328,0.375
2011-06-03,0.2723577785933252,1.21936,1.97275,1.62175,0.35100000000000003,0.375
2011-06-10,0.2516691971930972,1.22256,1.9164,1.5466,0.3698,0.375
2011-06-17,0.2882088898392928,1.20728,1.859,1.4697500000000001,0.38925,0.375
2011-06-24,0.32005859588350305,1.2027999999999999,1.8585999999999998,1.4664,0.3922,0.375
2011-07-01,0.31835894891663413,1.20214,1.866,1.4814,0.38460000000000005,0.375
2011-07-08,0.25184358313073074,1.21496,1.8782,1.5004,0.37779999999999997,0.375
2011-07-15,0.45122583470491584,1.16424,1.7302,1.3518000000000001,0.3784,0.375
2011-07-22,0.46018129820737785,1.16446,1.7524000000000002,1.3554,0.39699999999999996,0.375
2011-07-29,0.42919776334820564,1.15268,1.7344000000000002,1.2890000000000001,0.44539999999999996,0.375
2011-08-05,0.4703798890570898,1.1039999999999999,1.57625,1.11225,0.46399999999999997,0.125
2011-08-12,0.6016083945654486,1.06754,1.4214,0.9916,0.4298,0.125
2011-08-19,0.6755869285017158,1.13362,1.2952,0.8942,0.40099999999999997,0.125
2011-08-26,0.6140993792511249,1.1415600000000001,1.3188,0.8503999999999999,0.4683999999999999,0.125
2011-09-02,0.49393404512560385,1.15756,1.435,0.9284000000000001,0.5065999999999999,0.125
2011-09-09,0.5154605024566887,1.1899799999999998,1.3767999999999998,0.8594000000000002,0.5174,0.125
2011-09-16,0.6260089152131547,1.2048999999999999,1.3544,0.8682000000000001,0.4862,0.125
2011-09-23,0.6557015109445734,1.2160600000000001,1.2833999999999999,0.8038000000000001,0.4796,0.125
2011-09-30,0.6237571785621197,1.2204000000000002,1.2574,0.7822,0.47520000000000007,0.125
2011-10-07,0.7019254583552917,1.2250999999999999,1.31,0.7854,0.5246000000000001,0.125
2011-10-14,0.6951107855746212,1.23592,1.3184,0.8592000000000001,0.45920000000000005,0.125
2011-10-21,0.6520014484826203,1.2361999999999997,1.3254,0.874,0.4514,0.125
2011-10-28,0.5859419247547687,1.223,1.349,0.8902000000000001,0.4588000000000001,0.125
2011-11-04,0.6591744623903912,1.21808,1.2795999999999998,0.8128,0.46679999999999994,0.125
2011-11-11,0.6703636736698749,1.23442,1.1992,0.7293999999999999,0.46980000000000005,0.125
2011-11-18,0.6553734478518527,1.23844,1.1968,0.718,0.4788,0.125
2011-11-25,0.6266044010744948,1.23102,1.2174,0.7236,0.49380000000000007,0.125
2011-12-02,0.5703176054968837,1.22926,1.2765999999999997,0.7502,0.5264,0.125
2011-12-09,0.46361122259656595,1.2377,1.2662,0.6674,0.5988,0.125
2011-12-16,0.49943341402012476,1.23042,1.1792,0.5986,0.5806000000000001,0.125
2011-12-23,0.4568436214150259,1.2205,1.2038,0.615,0.5888,0.125
2011-12-30,0.3699910701765517,1.2187000000000001,1.19175,0.60075,0.5910000000000001,0.125
2012-01-06,0.3664884925671939,1.2179600000000002,1.127,0.5575,0.5695,0.125
2012-01-13,0.3785398390734211,1.21214,1.147,0.6003999999999999,0.5466,0.125
2012-01-20,0.4373993130916629,1.2084800000000002,1.1398,0.5763999999999999,0.5634,0.125
2012-01-27,0.4896830926225234,1.207,1.1856,0.622,0.5636,0.125
2012-02-03,0.5078880772028203,1.2048,1.1134,0.5508,0.5626,0.125
2012-02-10,0.4344497679663971,1.20938,1.1527999999999998,0.6064,0.5464,0.125
2012-02-17,0.35287647219922136,1.20786,1.139,0.6038,0.5352,0.125
2012-02-24,0.28274570221930295,1.20642,1.1654,0.6086,0.5568,0.125
2012-03-02,0.2557584345580557,1.20534,1.0912,0.5488000000000001,0.5424,0.125
2012-03-09,0.32220274725417924,1.20542,1.0908000000000002,0.532,0.5588,0.125
2012-03-16,0.35400507337976184,1.20784,1.1494,0.6508,0.4986,0.125
2012-03-23,0.33261930005910034,1.20586,1.2378,0.7574,0.48040000000000005,0.125
2012-03-30,0.32155761252505954,1.20538,1.1822,0.7218,0.46040000000000003,0.125
2012-04-06,0.317480131662678,1.20355,1.1945,0.703,0.49149999999999994,0.125
2012-04-13,0.3300669833531412,1.20205,1.117,0.59525,0.52175,0.125
2012-04-20,0.30559946451164244,1.20226,1.1347999999999998,0.5875999999999999,0.5472,0.125
2012-04-27,0.2922043304621905,1.20174,1.1434000000000002,0.5942000000000001,0.5492,0.125
2012-05-04,0.27491155682840557,1.2016,1.0975000000000001,0.55225,0.54525,0.125
2012-05-11,0.25798430058116784,1.20122,1.0433999999999999,0.5038,0.5396,0.125
2012-05-18,0.243363792452082,1.20108,1.0165,0.47775,0.53875,0.125
2012-05-25,0.26715316452307486,1.20114,1.036,0.5088,0.5272,0.125
2012-06-01,0.30449152889298753,1.2012399999999999,0.98825,0.449,0.53925,0.125
2012-06-08,0.36777001914960883,1.201,0.9905999999999999,0.4372,0.5534,0.125
2012-06-15,0.35340181122621983,1.20098,0.9715999999999999,0.41180000000000005,0.5598,0.125
2012-06-22,0.356280508883421,1.2009400000000001,0.9798,0.39039999999999997,0.5894,0.125
2012-06-29,0.40528552450995176,1.20138,1.0181999999999998,0.46399999999999997,0.5542,0.125
2012-07-06,0.4348441322680925,1.20126,1.029,0.477,0.5519999999999999,0.125
2012-07-13,0.4375246060389465,1.20098,0.9536,0.4112,0.5424,0.125
2012-07-20,0.37621960678784455,1.20098,0.9666,0.40120000000000006,0.5654,0.125
2012-07-27,0.3786516557948289,1.201,0.97,0.3992,0.5708,0.125
2012-08-03,0.3704010694633201,1.20146,0.95775,0.3815,0.5762499999999999,0.125
2012-08-10,0.38734271837509304,1.2011800000000001,0.9704,0.4408,0.5296,0.125
2012-08-17,0.29744724301206416,1.20104,0.9696,0.4544,0.5151999999999999,0.125
2012-08-24,0.22753613287843297,1.20096,0.9544,0.4378,0.5166000000000001,0.125
2012-08-31,0.19259362069238362,1.20096,0.9212,0.40679999999999994,0.5144,0.125
2012-09-07,0.1780520839411376,1.20418,0.922,0.41180000000000005,0.5102,0.125
2012-09-14,0.1509206775024441,1.2107800000000002,0.9603999999999999,0.47619999999999996,0.48419999999999996,0.125
2012-09-21,0.15796867930526357,1.2113200000000002,0.9474,0.4854,0.462,0.125
2012-09-28,0.14966795853160117,1.20916,0.9186,0.44800000000000006,0.4706,0.125
2012-10-05,0.1418613007254204,1.2107199999999998,0.907,0.4074,0.49960000000000004,0.125
2012-10-12,0.12019577665430396,1.21022,0.9006000000000001,0.3868,0.5138,0.125
2012-10-19,0.11045154268081041,1.2093399999999999,0.8987999999999999,0.3992,0.49960000000000004,0.125
2012-10-26,0.10921080173347308,1.2096399999999998,0.8862,0.391,0.4952,0.125
2012-11-02,0.11835257963194704,1.20786,0.8934000000000001,0.3914,0.502,0.125
2012-11-09,0.12678268564627193,1.2063,0.8768,0.3648,0.512,0.125
2012-11-16,0.11580020070759825,1.20454,0.8573999999999999,0.3286,0.5288,0.125
2012-11-23,0.13359691201052942,1.2046,0.9032,0.36819999999999997,0.535,0.125
2012-11-30,0.11723930844606167,1.20438,0.9048,0.3654,0.5394,0.125
2012-12-07,0.07307132571041483,1.21084,0.8635999999999999,0.329,0.5346,0.125
2012-12-14,0.05411510874893062,1.2094200000000002,0.8496,0.3036,0.5459999999999999,0.125
2012-12-21,0.04079467715612996,1.2082799999999998,0.9198000000000001,0.38120000000000004,0.5386,0.125
2012-12-28,0.0325528125674647,1.2077333333333333,0.919,0.3825,0.5365,0.125
2013-01-04,0.0220615381508092,1.2086000000000001,0.9564999999999999,0.4155,0.5409999999999999,0.125
2013-01-11,0.0346250126512797,1.21058,0.9548,0.4218,0.533,0.125
2013-01-18,0.03029912143504892,1.23718,0.9888,0.4944,0.4944,0.125
2013-01-25,0.02586456938569588,1.241,1.0042,0.5152,0.489,0.125
2013-02-01,0.0337160578329964,1.23946,1.1092,0.6028,0.5064,0.125
2013-02-08,0.10417829240986454,1.2318200000000001,1.1199999999999999,0.586,0.534,0.125
2013-02-15,0.1169782748929086,1.23166,1.1066,0.577,0.5296000000000001,0.125
2013-02-22,0.09765273489804506,1.23146,1.123,0.5963999999999999,0.5266000000000001,0.125
2013-03-01,0.1343246621802864,1.22206,1.0916000000000001,0.5522,0.5394,0.125
2013-03-08,0.1511651895470127,1.23014,1.0698,0.5356,0.5342,0.125
2013-03-15,0.10917703688288942,1.23356,1.1056000000000001,0.6052,0.5004000000000001,0.125
2013-03-22,0.10568494443175443,1.22196,1.0668000000000002,0.5586,0.5082000000000001,0.125
2013-03-29,0.1111501192120878,1.219775,1.06275,0.5642499999999999,0.49850000000000005,0.125
2013-04-05,0.09824126536303476,1.215975,1.04825,0.5155000000000001,0.53275,0.125
2013-04-12,0.1289043671463856,1.2181,1.0562,0.5252000000000001,0.5309999999999999,0.125
2013-04-19,0.12287027221967932,1.21598,1.0188,0.488,0.5307999999999999,0.125
2013-04-26,0.12107152893912357,1.22632,0.978,0.4546,0.5234,0.125
2013-05-03,0.08245236091559827,1.2248999999999999,0.9575,0.4305,0.5269999999999999,0.125
2013-05-10,0.04602821999112846,1.23338,0.9684999999999999,0.439,0.5295,0.125
2013-05-17,0.026363822313592623,1.24424,1.009,0.48760000000000003,0.5214,0.125
2013-05-24,0.01569046745177772,1.2497399999999999,1.0242499999999999,0.50875,0.5155,0.125
2013-05-31,0.009880470011926702,1.24716,1.0736,0.5544,0.5192,0.125
2013-06-07,0.01243937422306884,1.2370800000000002,1.1582,0.6304000000000001,0.5277999999999999,0.125
2013-06-14,0.030655054399591757,1.2327,1.251,0.7048,0.5462,0.125
2013-06-21,0.05875036968742013,1.2305,1.2612,0.7272000000000001,0.534,0.125
2013-06-28,0.11810652588012746,1.2287,1.4412,0.8934000000000001,0.5478,0.125
2013-07-05,0.12858228983280579,1.2330999999999999,1.4196,0.858,0.5616,0.125
2013-07-12,0.10418832094270729,1.24196,1.4128,0.8826,0.5302,0.125
2013-07-19,0.08593754646382556,1.23672,1.38,0.8562,0.5237999999999999,0.125
2013-07-26,0.052558575064902135,1.23688,1.3778000000000001,0.8606,0.5172000000000001,0.125
2013-08-02,0.03107454785247804,1.23364,1.4032499999999999,0.8815,0.5217499999999999,0.125
2013-08-09,0.012758867017094699,1.2320600000000002,1.4114,0.8629999999999999,0.5484,0.125
2013-08-16,0.0058391463792622795,1.2376200000000002,1.4382,0.8577999999999999,0.5804,0.125
2013-08-23,0.00434270130050754,1.23384,1.5048,0.9144,0.5904,0.125
2013-08-30,0.01409741628580416,1.23106,1.5044,0.9574,0.5469999999999999,0.125
2013-09-06,0.0172198035269438,1.2351800000000002,1.4992,0.966,0.5332,0.125
2013-09-13,0.015622879514545602,1.2376200000000002,1.5252,1.0091999999999999,0.516,0.125
2013-09-20,0.0137557994221446,1.23564,1.4512,0.9561999999999999,0.4950000000000001,0.125
2013-09-27,0.00888271621412128,1.2291599999999998,1.4129999999999998,0.93,0.483,0.125
2013-10-04,0.00618320253806212,1.22532,1.3712,0.8882,0.483,0.125
2013-10-11,0.00448757202315798,1.22968,1.3804,0.8862,0.49420000000000003,0.125
2013-10-18,0.00325749057404118,1.23412,1.4158,0.9248000000000001,0.49099999999999994,0.125
2013-10-25,0.0029480150364626398,1.2333,1.3616,0.8775999999999999,0.484,0.125
2013-11-01,0.00453343776573744,1.2338200000000001,1.3188,0.8432000000000001,0.4756,0.125
2013-11-08,0.00785236215264542,1.23078,1.3158,0.8368,0.4790000000000001,0.125
2013-11-15,0.0055269753260778,1.233,1.3348,0.86,0.4748,0.125
2013-11-22,0.00819244684892124,1.23194,1.326,0.8432000000000001,0.4828000000000001,0.125
2013-11-29,0.01700355851512694,1.23098,1.285,0.79,0.49499999999999994,0.125
2013-12-06,0.04184903216371648,1.22738,1.3426,0.8416,0.501,0.125
2013-12-13,0.039600864027971,1.22202,1.3834,0.8865999999999999,0.4968,0.125
2013-12-20,0.033087755045063796,1.2230599999999998,1.4174,0.9282,0.4892,0.125
2013-12-27,0.01495059737590016,1.2244666666666666,1.467,0.9815,0.4855000000000001,0.125
2014-01-03,0.02090770765607684,1.228775,1.4775,0.9904999999999999,0.4870000000000001,0.125
2014-01-10,0.01581232017531868,1.23558,1.4129999999999998,0.9378,0.47519999999999996,0.125
2014-01-17,0.01439786388008176,1.2342400000000002,1.3732,0.9024000000000001,0.4708,0.125
2014-01-24,0.0150502479003121,1.23224,1.3094,0.8236000000000001,0.48579999999999995,0.125
2014-01-31,0.02815961759252846,1.22506,1.2576,0.7618,0.4958,0.125
2014-02-07,0.032612317082971146,1.22248,1.1732,0.7183999999999999,0.4548,0.125
2014-02-14,0.01693310517768962,1.2231,1.1778,0.7698,0.40800000000000003,0.125
2014-02-21,0.00900720240672628,1.22108,1.1622,0.7535999999999999,0.4086,0.125
2014-02-28,0.00941331169070142,1.21828,1.1463999999999999,0.7312,0.4151999999999999,0.125
2014-03-07,0.02869140599770672,1.21736,1.099,0.724,0.375,0.125
2014-03-14,0.01638363258483018,1.2162,1.0977999999999999,0.7365999999999999,0.3612,0.125
2014-03-21,0.00917631091559008,1.2170999999999998,1.1,0.7372,0.36280000000000007,0.125
2014-03-28,0.00500879912952816,1.21966,1.0762,0.7114,0.3648,0.125
2014-04-04,0.00263753679504622,1.22012,1.0716,0.7112,0.36040000000000005,0.125
2014-04-11,0.00630120564139766,1.21854,0.9982,0.6642,0.3339999999999999,0.125
2014-04-18,0.00767563937187016,1.2165,0.957,0.62575,0.33124999999999993,0.125
2014-04-25,0.00338270720031794,1.2202250000000001,0.9552499999999999,0.64475,0.31049999999999994,0.125
2014-05-02,0.0026929576451221,1.21925,0.9390000000000001,0.626,0.313,0.125
2014-05-09,0.0029229291594401402,1.21786,0.9258000000000001,0.6154,0.3104,0.125
2014-05-16,0.00658315759838544,1.22096,0.8556000000000001,0.5422,0.3134,0.125
2014-05-23,0.006699078326148041,1.22184,0.8888,0.571,0.3178,0.125
2014-05-30,0.0026389522081758598,1.2214,0.87875,0.5545,0.32425000000000004,0.125
2014-06-06,0.00477958819311544,1.22038,0.8998000000000002,0.5386,0.3612,0.125
2014-06-13,0.00638864999191664,1.2182400000000002,0.923,0.57075,0.35225000000000006,0.125
2014-06-20,0.0038553852270457197,1.21766,0.915,0.5586,0.3564,0.125
2014-06-27,0.0044833341585155595,1.21668,0.8646,0.5172000000000001,0.3474,0.125
2014-07-04,0.006457128426912579,1.21476,0.8736,0.4936,0.38,0.125
2014-07-11,0.0110954583846989,1.21508,0.8638,0.4668,0.39699999999999996,0.125
2014-07-18,0.01193820802514466,1.21456,0.8512000000000001,0.4588,0.39239999999999997,0.125
2014-07-25,0.00867693420486782,1.2149800000000002,0.8068000000000002,0.4046,0.4022,0.125
2014-08-01,0.00763024192786204,1.21598,0.7887500000000001,0.38675,0.402,0.125
2014-08-08,0.01300888691743674,1.21562,0.7908000000000001,0.3846,0.4062,0.125
2014-08-15,0.01691155406613696,1.2128999999999999,0.7452,0.3482,0.39699999999999996,0.125
2014-08-22,0.01221842928801692,1.21052,0.735,0.379,0.356,0.125
2014-08-29,0.008958614448728041,1.20724,0.6726,0.37,0.3026,0.125
2014-09-05,0.01867365212107032,1.20682,0.688,0.3766,0.3114,0.125
2014-09-12,0.01432544595840588,1.2078,0.708,0.4114,0.2966,0.125
2014-09-19,0.0110964603352636,1.20876,0.7208,0.41559999999999997,0.3052,0.125
2014-09-26,0.022320054156299098,1.20724,0.7006,0.3712,0.32939999999999997,0.125
2014-10-03,0.02833638604849218,1.2076,0.7132,0.3822,0.33099999999999996,0.125
2014-10-10,0.029849163064480978,1.2113200000000002,0.6928,0.36219999999999997,0.3306,0.125
2014-10-17,0.061012831217250985,1.20726,0.6744,0.3532,0.32120000000000004,0.125
2014-10-24,0.06698971003060607,1.20642,0.6961999999999999,0.369,0.3272,0.125
2014-10-31,0.030124477742778398,1.20602,0.6942,0.3942,0.29999999999999993,0.125
2014-11-07,0.013666816998276122,1.20474,0.6754,0.37439999999999996,0.30100000000000005,0.125
2014-11-14,0.00844550941803648,1.20216,0.638,0.3226,0.3154,0.125
2014-11-21,0.005821521291264739,1.20156,0.6142,0.29819999999999997,0.316,0.125
2014-11-28,0.00566871376979278,1.2024599999999999,0.596,0.278,0.31799999999999995,0.125
2014-12-05,0.00793028900654516,1.20312,0.5773999999999999,0.24159999999999998,0.3358,-0.25
2014-12-12,0.013188499559724499,1.2018,0.5416000000000001,0.22480000000000003,0.3168,-0.25
2014-12-19,0.023024756827671262,1.20242,0.477,0.2024,0.2746,-0.25
2014-12-26,0.0171004372829347,1.2030666666666667,0.46499999999999997,0.2165,0.2485,-0.25
2015-01-02,0.00744367243223004,1.20255,0.4535,0.228,0.2255,-0.75
2015-01-09,0.02540187596494864,1.20122,0.363,0.1078,0.2552,-0.75
2015-01-16,0.028615566957261862,1.1287600000000002,0.2646,0.0142,0.2504,-0.75
2015-01-23,0.06293945891474947,0.9992599999999999,0.0048000000000000004,-0.35,0.3548,-0.75
2015-01-30,0.11712735829569607,1.02532,0.11479999999999999,-0.2908,0.4056,-0.75
2015-02-06,0.12241276394141479,1.0553599999999999,0.1396,-0.2766,0.4162,-0.75
2015-02-13,0.09358068828879831,1.0497,0.2096,-0.19219999999999998,0.4018,-0.75
2015-02-20,0.07253982988043381,1.0695599999999998,0.2686,-0.1318,0.4004,-0.75
2015-02-27,0.04621314530766272,1.07272,0.3,-0.137,0.437,-0.75
2015-03-06,0.0282356759379754,1.07102,0.30920000000000003,-0.16419999999999998,0.4734,-0.75
2015-03-13,0.0971173397587751,1.06666,0.28359999999999996,-0.2098,0.4934,-0.75
2015-03-20,0.16823199064819022,1.06098,0.2682,-0.2012,0.4694,-0.75
2015-03-27,0.1833998857434962,1.0508600000000001,0.261,-0.2082,0.4692,-0.75
2015-04-03,0.164441361305217,1.0432000000000001,0.27625,-0.16775,0.44400000000000006,-0.75
2015-04-10,0.11829745352633836,1.0428250000000001,0.243,-0.21525,0.45825,-0.75
2015-04-17,0.07933067987920954,1.03324,0.1682,-0.2728,0.441,-0.75
2015-04-24,0.0663855034750638,1.03158,0.1612,-0.2824,0.4436,-0.75
2015-05-01,0.08871310134212447,1.0452,0.241,-0.20174999999999998,0.44275,-0.75
2015-05-08,0.1292741752834845,1.03818,0.363,-0.062,0.425,-0.75
2015-05-15,0.12643125497607038,1.04116,0.33999999999999997,-0.06875,0.40875,-0.75
2015-05-22,0.11705836885405467,1.04284,0.2868,-0.1462,0.433,-0.75
2015-05-29,0.09538122944343104,1.03432,0.279,-0.19724999999999998,0.47625,-0.75
2015-06-05,0.11341787456436977,1.0435599999999998,0.3478,-0.163,0.5108,-0.75
2015-06-12,0.14719335284257792,1.04826,0.45519999999999994,-0.020800000000000003,0.476,-0.75
2015-06-19,0.1552917226706502,1.04676,0.381,-0.096,0.477,-0.75
2015-06-26,0.15599898976209697,1.04574,0.4128,-0.0608,0.47359999999999997,-0.75
2015-07-03,0.19411015306809162,1.0443799999999999,0.38439999999999996,-0.1044,0.4888,-0.75
2015-07-10,0.22409516791090453,1.04472,0.32939999999999997,-0.1708,0.5002,-0.75
2015-07-17,0.25643612881534333,1.04354,0.382,-0.11299999999999999,0.495,-0.75
2015-07-24,0.21189885078920345,1.04788,0.3256,-0.1732,0.49879999999999997,-0.75
2015-07-31,0.1833584617079333,1.06148,0.2846,-0.22719999999999999,0.5118,-0.75
2015-08-07,0.1361603163377066,1.06694,0.281,-0.255,0.536,-0.75
2015-08-14,0.12329877395014735,1.08494,0.223,-0.3266,0.5496000000000001,-0.75
2015-08-21,0.14997330927560287,1.0786200000000001,0.1944,-0.36219999999999997,0.5566,-0.75
2015-08-28,0.2722502631932393,1.07934,0.23600000000000004,-0.327,0.563,-0.75
2015-09-04,0.30209506555330695,1.08518,0.2848,-0.27240000000000003,0.5572,-0.75
2015-09-11,0.29522224532119046,1.09276,0.26020000000000004,-0.2842,0.5444,-0.75
2015-09-18,0.27903475120162924,1.09512,0.3074,-0.21139999999999998,0.5187999999999999,-0.75
2015-09-25,0.36612738350919016,1.08996,0.271,-0.23879999999999998,0.5098,-0.75
2015-10-02,0.33123751369360227,1.09166,0.23279999999999998,-0.3038,0.5366000000000001,-0.75
2015-10-09,0.2601385157667921,1.0922,0.198,-0.36920000000000003,0.5671999999999999,-0.75
2015-10-16,0.22793941090771747,1.08842,0.2076,-0.372,0.5796,-0.75
2015-10-23,0.2074250044483373,1.084,0.1512,-0.4184,0.5696,-0.75
2015-10-30,0.2243379574264175,1.08706,0.0846,-0.4856,0.5702,-0.75
2015-11-06,0.1949642971045263,1.0846,0.1038,-0.4628,0.5666,-0.75
2015-11-13,0.19594349942566458,1.07836,0.061,-0.4968,0.5578000000000001,-0.75
2015-11-20,0.19805740617810147,1.08344,0.0454,-0.529,0.5744,-0.75
2015-11-27,0.15239266572861174,1.08536,0.0844,-0.515,0.5993999999999999,-0.75
2015-12-04,0.1343947629218939,1.08826,0.0998,-0.5342,0.634,-0.75
2015-12-11,0.2682178185258942,1.0821,0.175,-0.41719999999999996,0.5922,-0.75
2015-12-18,0.28957639065484925,1.08002,0.23020000000000002,-0.3308,0.561,-0.75
2015-12-25,0.26802517659304975,1.081,0.242,-0.293,0.535,-0.75
2016-01-01,0.21254220245773622,1.0833249999999999,0.287,-0.24333333333333332,0.5303333333333333,-0.75
2016-01-08,0.2009089281646652,1.08638,0.2244,-0.303,0.5274,-0.75
2016-01-15,0.24274465263923206,1.0909,0.19119999999999998,-0.33340000000000003,0.5246000000000001,-0.75
2016-01-22,0.26088929554534174,1.09398,0.13679999999999998,-0.3926,0.5294000000000001,-0.75
2016-01-29,0.2531460235296409,1.10508,0.1008,-0.4468,0.5476000000000001,-0.75
2016-02-05,0.2507446065174438,1.11256,0.08020000000000001,-0.49219999999999997,0.5723999999999999,-0.75
2016-02-12,0.32924714587401505,1.10048,0.046,-0.5118,0.5578000000000001,-0.75
2016-02-19,0.336025424016662,1.10212,0.037,-0.5022,0.5392,-0.75
2016-02-26,0.30247333625864425,1.09414,-0.0206,-0.5811999999999999,0.5606,-0.75
2016-03-04,0.304875974669981,1.0871400000000002,-0.041400000000000006,-0.6272,0.5858,-0.75
2016-03-11,0.3008997662714584,1.09562,-0.0020000000000000018,-0.5732,0.5711999999999999,-0.75
2016-03-18,0.3110869637460462,1.09522,0.054400000000000004,-0.5074,0.5618000000000001,-0.75
2016-03-25,0.2612030087533652,1.0893,0.0265,-0.52075,0.54725,-0.75
2016-04-01,0.20132655368317082,1.092625,0.023,-0.5355000000000001,0.5585,-0.75
2016-04-08,0.1917428073486122,1.0891199999999999,0.022,-0.5448000000000001,0.5668000000000001,-0.75
2016-04-15,0.18372996432110456,1.0887,0.0042,-0.5142,0.5184,-0.75
2016-04-22,0.15743419986207327,1.09514,0.0172,-0.48460000000000003,0.5018,-0.75
2016-04-29,0.18264251617901311,1.0985800000000001,0.0648,-0.4136,0.4784,-0.75
2016-05-06,0.24630073794895485,1.10114,0.04875,-0.41625,0.46499999999999997,-0.75
2016-05-13,0.2227833049179777,1.10636,-0.0007999999999999998,-0.4668,0.466,-0.75
2016-05-20,0.15634824638017064,1.10874,0.009000000000000001,-0.4645,0.47350000000000003,-0.75
2016-05-27,0.1622683047560532,1.10752,0.028999999999999998,-0.44960000000000006,0.4786,-0.75
2016-06-03,0.1549240488043803,1.1053799999999998,0.014799999999999999,-0.4992,0.514,-0.75
2016-06-10,0.15987317863556355,1.0954599999999999,-0.0496,-0.5730000000000001,0.5234,-0.75
2016-06-17,0.2321038889713601,1.0833400000000002,-0.121,-0.647,0.526,-0.75
2016-06-24,0.28496985283212173,1.08496,-0.0764,-0.5998,0.5234,-0.75
2016-07-01,0.4512117715519244,1.08274,-0.11800000000000002,-0.6774,0.5594,-0.75
2016-07-08,0.4510779632761615,1.08344,-0.1672,-0.7386,0.5713999999999999,-0.75
2016-07-15,0.3965237276594643,1.0895800000000002,-0.1636,-0.7363999999999999,0.5728,-0.75
2016-07-22,0.34480360397758114,1.0872,-0.0908,-0.6811999999999999,0.5904,-0.75
2016-07-29,0.29121667870471335,1.08704,-0.073,-0.6624000000000001,0.5894,-0.75
2016-08-05,0.2811599458766237,1.08296,-0.07300000000000001,-0.66025,0.58725,-0.75
2016-08-12,0.26408802887316146,1.08904,-0.0834,-0.6596,0.5762,-0.75
2016-08-19,0.20391016439249574,1.0862,-0.06420000000000001,-0.6402,0.576,-0.75
2016-08-26,0.17633068823576717,1.09022,-0.06420000000000001,-0.628,0.5638,-0.75
2016-09-02,0.14474468026452134,1.09564,-0.0482,-0.5912,0.5429999999999999,-0.75
2016-09-09,0.1195083406360911,1.0925,-0.04340000000000001,-0.5846,0.5411999999999999,-0.75
2016-09-16,0.13179247090844637,1.09374,0.0264,-0.48580000000000007,0.5122,-0.75
2016-09-23,0.14828290820188134,1.0907,-0.0033999999999999994,-0.5254000000000001,0.522,-0.75
2016-09-30,0.19816376922275314,1.08856,-0.064,-0.6274,0.5634,-0.75
2016-10-07,0.17544383764063548,1.09428,-0.0462,-0.624,0.5778000000000001,-0.75
2016-10-14,0.15766318669015797,1.09194,-0.0228,-0.5952,0.5723999999999999,-0.75
2016-10-21,0.1673658626178519,1.08578,-0.0248,-0.5795999999999999,0.5548,-0.75
2016-10-28,0.14230297922956994,1.084,-0.0030000000000000014,-0.5471999999999999,0.5442,-0.75
2016-11-04,0.1563542203679148,1.07982,0.028599999999999997,-0.46340000000000003,0.492,-0.75
2016-11-11,0.1641309263821947,1.07708,0.0752,-0.4032,0.4784,-0.75
2016-11-18,0.16781236164782806,1.07366,0.2032,-0.23500000000000001,0.4382,-0.75
2016-11-25,0.16529346583819465,1.07302,0.1538,-0.2868,0.4406,-0.75
2016-12-02,0.15823642684012149,1.07642,0.15860000000000002,-0.27559999999999996,0.4342,-0.75
2016-12-09,0.17326777892112746,1.0814599999999999,0.2068,-0.2202,0.42700000000000005,-0.75
2016-12-16,0.19757322602499888,1.0749,0.23500000000000001,-0.17880000000000001,0.4138,-0.75
2016-12-23,0.1884429430206782,1.07004,0.2098,-0.219,0.4288,-0.75
2016-12-30,0.13335918911912326,1.073025,0.18125,-0.29175,0.473,-0.75
2017-01-06,0.10192708539449688,1.07098,0.1545,-0.321,0.4755,-0.75
2017-01-13,0.09935153714529586,1.07298,0.1318,-0.3366,0.46840000000000004,-0.75
2017-01-20,0.10152121807377448,1.07166,0.14020000000000002,-0.3274,0.4676,-0.75
2017-01-27,0.10185085186525163,1.07158,0.2064,-0.2454,0.4518,-0.75
2017-02-03,0.11162950967313583,1.0680399999999999,0.20659999999999998,-0.2222,0.4288,-0.75
2017-02-10,0.130514874035458,1.0661200000000002,0.14140000000000003,-0.2794,0.4208,-0.75
2017-02-17,0.09799692662962164,1.06536,0.1356,-0.29159999999999997,0.4272,-0.75
2017-02-24,0.08172781883669682,1.06486,0.1016,-0.3316,0.4332,-0.75
2017-03-03,0.07915233863749563,1.0657,0.056600000000000004,-0.3694,0.426,-0.75
2017-03-10,0.08524957461456928,1.07156,0.1484,-0.2434,0.39180000000000004,-0.75
2017-03-17,0.08828391833533093,1.07166,0.2246,-0.15,0.3746,-0.75
2017-03-24,0.06823669444038832,1.0720399999999999,0.217,-0.1702,0.3872,-0.75
2017-03-31,0.05201068698381937,1.07024,0.17099999999999999,-0.2246,0.39560000000000006,-0.75
2017-04-07,0.06893819995656,1.0692,0.1086,-0.2802,0.3888,-0.75
2017-04-14,0.05457778430900336,1.06855,0.0755,-0.3215,0.397,-0.75
2017-04-21,0.045149745318209276,1.0689250000000001,0.05375,-0.34575,0.39949999999999997,-0.75
2017-04-28,0.06949667608353206,1.08236,0.1518,-0.2468,0.3986,-0.75
2017-05-05,0.07723990947149692,1.08365,0.16625,-0.23275,0.399,-0.75
2017-05-12,0.049312736146062255,1.0936,0.1978,-0.19019999999999998,0.388,-0.75
2017-05-19,0.038277798588234616,1.0924,0.15460000000000002,-0.2324,0.387,-0.75
2017-05-26,0.026533820917331762,1.0908799999999998,0.14425,-0.25425,0.3985,-0.75
2017-06-02,0.01257913765303494,1.0895,0.1176,-0.3048,0.4224,-0.75
2017-06-09,0.0066372121417274995,1.08538,0.09075,-0.32775,0.41850000000000004,-0.75
2017-06-16,0.010171379144470399,1.0868,0.09419999999999999,-0.3144,0.4086,-0.75
2017-06-23,0.00886617056686792,1.08598,0.1092,-0.2976,0.40679999999999994,-0.75
2017-06-30,0.01209784590852366,1.09084,0.1562,-0.23679999999999998,0.39299999999999996,-0.75
2017-07-07,0.01375925711510328,1.0961,0.2346,-0.14579999999999999,0.3804,-0.75
2017-07-14,0.0104923466745558,1.1027200000000001,0.2612,-0.1062,0.3674,-0.75
2017-07-21,0.0086464888853286,1.10242,0.24500000000000002,-0.1212,0.36619999999999997,-0.75
2017-07-28,0.00667544453027108,1.11648,0.24,-0.11139999999999999,0.3514,-0.75
2017-08-04,0.00495849504111984,1.14454,0.23125,-0.1325,0.36375,-0.75
2017-08-11,0.0074944052836341995,1.1382400000000001,0.145,-0.2346,0.37960000000000005,-0.75
2017-08-18,0.00843414208533992,1.13686,0.1502,-0.24,0.3902,-0.75
2017-08-25,0.00410191424209748,1.13766,0.1392,-0.24900000000000003,0.3882,-0.75
2017-09-01,0.0031074835811303,1.14168,0.121,-0.2666,0.3876,-0.75
2017-09-08,0.0024529330614393,1.14044,0.1202,-0.262,0.3822,-0.75
2017-09-15,0.00727543831697598,1.1464,0.1476,-0.23360000000000003,0.38120000000000004,-0.75
2017-09-22,0.0076648619291581205,1.15408,0.21280000000000002,-0.1558,0.3686,-0.75
2017-09-29,0.0056073411943404,1.14764,0.21760000000000002,-0.14479999999999998,0.36239999999999994,-0.75
2017-10-06,0.009644227115427919,1.1449799999999999,0.2378,-0.1256,0.3634,-0.75
2017-10-13,0.011570229221656559,1.15256,0.1982,-0.1464,0.34459999999999996,-0.75
2017-10-20,0.00492055716201442,1.15414,0.1754,-0.17880000000000001,0.35419999999999996,-0.75
2017-10-27,0.00601704716572226,1.16388,0.2144,-0.1352,0.34959999999999997,-0.75
2017-11-03,0.008445001662619,1.16294,0.1726,-0.1822,0.3548,-0.75
2017-11-10,0.00520122763100102,1.15822,0.1496,-0.21480000000000002,0.3644,-0.75
2017-11-17,0.0021635734966136003,1.16582,0.16640000000000002,-0.1988,0.3652,-0.75
2017-11-24,0.00206532449050612,1.16378,0.15660000000000002,-0.2364,0.393,-0.75
2017-12-01,0.0016447402262399799,1.16904,0.1786,-0.2202,0.39880000000000004,-0.75
2017-12-08,0.0041229725470386,1.1684,0.153,-0.2524,0.40540000000000004,-0.75
2017-12-15,0.00233816996412182,1.16704,0.14140000000000003,-0.26480000000000004,0.4062,-0.75
2017-12-22,0.00249949278686756,1.16914,0.1608,-0.25220000000000004,0.413,-0.75
2017-12-29,0.00144726197119598,1.1726,0.18800000000000003,-0.23399999999999999,0.422,-0.75
2018-01-05,0.00167722876289428,1.17435,0.17566666666666667,-0.24166666666666667,0.41733333333333333,-0.75
2018-01-12,0.0043430048276648005,1.17368,0.2036,-0.20859999999999998,0.4122,-0.75
2018-01-19,0.00322718364699014,1.1774799999999999,0.2696,-0.14040000000000002,0.41000000000000003,-0.75
2018-01-26,0.0015545246199895001,1.1718,0.2998,-0.11600000000000002,0.41580000000000006,-0.75
2018-02-02,0.0027553125920454597,1.15964,0.37320000000000003,-0.032600000000000004,0.4058,-0.75
2018-02-09,0.039744158266486015,1.1567,0.387,0.008799999999999999,0.3782,-0.75
2018-02-16,0.03660822868591882,1.1522000000000001,0.417,0.0308,0.3862,-0.75
2018-02-23,0.02211728603250842,1.15228,0.3906,-0.0084,0.399,-0.75
2018-03-02,0.01221904271129866,1.1523999999999999,0.3438,-0.0758,0.4196,-0.75
2018-03-09,0.012254975180591359,1.16548,0.346,-0.0698,0.41579999999999995,-0.75
2018-03-16,0.006864274109822601,1.1693200000000001,0.348,-0.0568,0.4048,-0.75
2018-03-23,0.011022957083539401,1.17042,0.311,-0.083,0.394,-0.75
2018-03-30,0.03524697811534962,1.1770749999999999,0.29200000000000004,-0.108,0.4,-0.75
2018-04-06,0.02182739740375666,1.178625,0.269,-0.13375,0.40275,-0.75
2018-04-13,0.0159624199685839,1.18334,0.269,-0.14140000000000003,0.4104,-0.75
2018-04-20,0.009050802278383339,1.19422,0.33940000000000003,-0.0952,0.4346,-0.75
2018-04-27,0.0031202307883712,1.19614,0.41980000000000006,-0.022600000000000002,0.4424,-0.75
2018-05-04,0.00218065637124886,1.1958250000000001,0.37525000000000003,-0.06825,0.4435,-0.75
2018-05-11,0.00301351010908016,1.19212,0.345,-0.0985,0.4435,-0.75
2018-05-18,0.0030122748215447,1.1851800000000001,0.40359999999999996,-0.0318,0.4354,-0.75
2018-05-25,0.012996964652917862,1.16578,0.36375,-0.0775,0.44125000000000003,-0.75
2018-06-01,0.061553097476355956,1.15328,0.2652,-0.205,0.4702,-0.75
2018-06-08,0.07752176678406104,1.1575,0.32320000000000004,-0.14679999999999999,0.47000000000000003,-0.75
2018-06-15,0.07506153026809473,1.16044,0.3534,-0.0968,0.4502,-0.75
2018-06-22,0.06248483938902022,1.15244,0.2674,-0.16699999999999998,0.4344,-0.75
2018-06-29,0.05036623774926996,1.15506,0.26820000000000005,-0.1684,0.43660000000000004,-0.75
2018-07-06,0.0500832908763984,1.1588,0.2548,-0.20140000000000002,0.45620000000000005,-0.75
2018-07-13,0.039660100747996876,1.16588,0.288,-0.179,0.46699999999999997,-0.75
2018-07-20,0.03213955561620618,1.1642,0.3088,-0.159,0.4678,-0.75
2018-07-27,0.01937981776973298,1.16102,0.3376,-0.1356,0.4732,-0.75
2018-08-03,0.0099482615644856,1.15714,0.36524999999999996,-0.1095,0.47475,-0.75
2018-08-10,0.00829335461179244,1.1498000000000002,0.3352,-0.1278,0.46299999999999997,-0.75
2018-08-17,0.020870714257647822,1.13124,0.2796,-0.185,0.4646,-0.75
2018-08-24,0.01566312009083562,1.1384,0.2644,-0.20739999999999997,0.4718,-0.75
2018-08-31,0.00942045959841194,1.1372,0.28700000000000003,-0.1914,0.4784,-0.75
2018-09-07,0.01649595851677402,1.1261800000000002,0.279,-0.18080000000000002,0.4598,-0.75
2018-09-14,0.01533980290570692,1.1271799999999998,0.3164,-0.131,0.4474,-0.75
2018-09-21,0.0074269603637458605,1.1265,0.36219999999999997,-0.08499999999999999,0.44719999999999993,-0.75
2018-09-28,0.00496250210667134,1.1344400000000001,0.404,-0.0432,0.44719999999999993,-0.75
2018-10-05,0.012041812842699739,1.14044,0.4178,-0.0406,0.4584,-0.75
2018-10-12,0.05974415687714056,1.14178,0.4744,0.0058000000000000005,0.4686,-0.75
2018-10-19,0.10338048287246408,1.14394,0.438,-0.0314,0.4694,-0.75
2018-10-26,0.12260425840867084,1.14054,0.40120000000000006,-0.081,0.4822,-0.75
2018-11-02,0.12685619713749363,1.14042,0.40519999999999995,-0.0876,0.4928,-0.75
2018-11-09,0.11374276796974067,1.14422,0.4396,-0.0686,0.5082,-0.75
2018-11-16,0.08725137537889692,1.13854,0.41579999999999995,-0.0922,0.508,-0.75
2018-11-23,0.13721077540520304,1.1345399999999999,0.403,-0.1326,0.5356,-0.75
2018-11-30,0.14817532294049368,1.13156,0.3706,-0.1712,0.5418,-0.75
2018-12-07,0.14666250446358411,1.13204,0.3318,-0.2306,0.5624,-0.75
2018-12-14,0.19281612830113326,1.1274000000000002,0.3308,-0.22799999999999998,0.5588,-0.75
2018-12-21,0.1902684609561548,1.13012,0.28700000000000003,-0.2752,0.5622,-0.75
2018-12-28,0.16933419138302647,1.1272666666666666,0.24,-0.312,0.552,-0.75
2019-01-04,0.1528653365276847,1.1245749999999999,0.1895,-0.368,0.5575,-0.75
2019-01-11,0.1576710084181546,1.12584,0.2354,-0.30779999999999996,0.5432,-0.75
2019-01-18,0.13904057276966678,1.12872,0.2424,-0.2982,0.5406000000000001,-0.75
2019-01-25,0.13187566847251403,1.13194,0.23479999999999998,-0.3082,0.543,-0.75
2019-02-01,0.10886567404668668,1.13782,0.2118,-0.34500000000000003,0.5568000000000001,-0.75
2019-02-08,0.09448328258424207,1.1393,0.1908,-0.3606,0.5514,-0.75
2019-02-15,0.08983547461638883,1.13626,0.157,-0.3874,0.5444000000000001,-0.75
2019-02-22,0.08344638161578885,1.13534,0.1518,-0.39540000000000003,0.5472,-0.75
2019-03-01,0.0585755214161915,1.13548,0.16519999999999999,-0.3874,0.5526,-0.75
2019-03-08,0.04061170910282956,1.1346399999999999,0.1742,-0.38380000000000003,0.558,-0.75
2019-03-15,0.057102064925108054,1.13604,0.11399999999999999,-0.4326,0.5466,-0.75
2019-03-22,0.05762760743468796,1.1320599999999998,0.0792,-0.465,0.5442,-0.75
2019-03-29,0.08075409712125348,1.12042,0.0034000000000000002,-0.5182,0.5216000000000001,-0.75
2019-04-05,0.08146987546454566,1.12046,0.0372,-0.4408,0.47800000000000004,-0.75
2019-04-12,0.04965780039112204,1.1285,0.040600000000000004,-0.4152,0.4558,-0.75
2019-04-19,0.03172554413042864,1.137475,0.0875,-0.36875,0.45625,-0.75
2019-04-26,0.02333320339266056,1.14065,0.044,-0.42025,0.46425,-0.75
2019-05-03,0.01325839110211178,1.14045,0.051500000000000004,-0.40549999999999997,0.45699999999999996,-0.75
2019-05-10,0.01647429108471924,1.13986,0.014199999999999999,-0.4422,0.45640000000000003,-0.75
2019-05-17,0.051808400828936674,1.12982,-0.034199999999999994,-0.4875999999999999,0.45339999999999997,-0.75
2019-05-24,0.06615656207209249,1.12456,-0.045200000000000004,-0.503,0.45780000000000004,-0.75
2019-05-31,0.07679712017138259,1.1234,-0.0975,-0.568,0.4705,-0.75
2019-06-07,0.08069595254929278,1.1173600000000001,-0.146,-0.6088,0.4628,-0.75
2019-06-14,0.06250704208912188,1.12206,-0.122,-0.5922499999999999,0.47024999999999995,-0.75
2019-06-21,0.030131143205782203,1.1162800000000002,-0.144,-0.6242,0.48019999999999996,-0.75
2019-06-28,0.02068088243033246,1.11112,-0.14079999999999998,-0.6275999999999999,0.4868,-0.75
2019-07-05,0.014793231425897179,1.11344,-0.20140000000000002,-0.7058,0.5044000000000001,-0.75
2019-07-12,0.012906364031399059,1.11196,-0.1466,-0.6606,0.514,-0.75
2019-07-19,0.01301788274765368,1.10676,-0.1584,-0.667,0.5086,-0.75
2019-07-26,0.00929840677491764,1.10032,-0.25179999999999997,-0.753,0.5012000000000001,-0.75
2019-08-02,0.01589226404311908,1.1007,-0.32725,-0.8215,0.49425,-0.75
2019-08-09,0.07809374927518045,1.0910600000000001,-0.45780000000000004,-0.9620000000000001,0.5042,-0.75
2019-08-16,0.12021912660105083,1.08616,-0.5366,-1.0612,0.5246,-0.75
2019-08-23,0.1661099413281991,1.08834,-0.5306,-1.05,0.5194,-0.75
2019-08-30,0.1598064037659143,1.0886,-0.5216000000000001,-1.0508,0.5292,-0.75
2019-09-06,0.12454455913772604,1.0868600000000002,-0.4796,-1.0196,0.5399999999999999,-0.75
2019-09-13,0.11977563534543616,1.09264,-0.33999999999999997,-0.8562,0.5162,-0.75
2019-09-20,0.10626474562323258,1.09618,-0.2708,-0.7888,0.518,-0.75
2019-09-27,0.09101332485325127,1.08668,-0.3372,-0.8452,0.5079999999999999,-0.75
2019-10-04,0.0692934576202622,1.09126,-0.2952,-0.788,0.4928,-0.75
2019-10-11,0.07729956432390402,1.09444,-0.3006,-0.807,0.5064,-0.75
2019-10-18,0.10160529175154406,1.0988799999999999,-0.1702,-0.6838,0.5136000000000001,-0.75
2019-10-25,0.08136283719395965,1.1009600000000002,-0.1266,-0.6306,0.504,-0.75
2019-11-01,0.0524033029983347,1.1028,-0.1,-0.5906,0.4906,-0.75
2019-11-08,0.04202053934831434,1.1005800000000001,-0.0538,-0.506,0.45220000000000005,-0.75
2019-11-15,0.03843290860140736,1.09252,-0.0664,-0.5004,0.434,-0.75
2019-11-22,0.03229610575305628,1.09816,-0.144,-0.5892000000000001,0.4452,-0.75
2019-11-29,0.0192578431847761,1.09908,-0.2068,-0.6474,0.44060000000000005,-0.75
2019-12-06,0.01859492594041658,1.0966,-0.196,-0.643,0.44700000000000006,-0.75
2019-12-13,0.02447016970234592,1.09436,-0.1844,-0.6102000000000001,0.4258,-0.75
2019-12-20,0.02755794576445092,1.0918800000000002,-0.1482,-0.5848,0.4366,-0.75
2019-12-27,0.03260951565102402,1.0879333333333332,-0.1195,-0.564,0.44449999999999995,-0.75
2020-01-03,0.030231382338967862,1.08575,-0.122,-0.5625,0.4405,-0.75
2020-01-10,0.01757233821942808,1.08244,-0.1578,-0.5938,0.43599999999999994,-0.75
2020-01-17,0.01449082155656894,1.07608,-0.151,-0.5900000000000001,0.43899999999999995,-0.75
2020-01-24,0.00710621570945526,1.0736599999999998,-0.2182,-0.6746000000000001,0.45640000000000003,-0.75
2020-01-31,0.0248754343348421,1.0701,-0.2974,-0.775,0.4776000000000001,-0.75
2020-02-07,0.02808199517709572,1.07022,-0.2552,-0.7386,0.48339999999999994,-0.75
2020-02-14,0.0183160433830305,1.06572,-0.2666,-0.74,0.4734,-0.75
2020-02-21,0.01356686094091036,1.06214,-0.3184,-0.7746000000000001,0.45620000000000005,-0.75
2020-02-28,0.08508664833848893,1.06104,-0.3964,-0.8545999999999999,0.4582,-0.75
2020-03-06,0.26420688167225603,1.064,-0.4022,-0.8664,0.46419999999999995,-0.75
2020-03-13,0.4807115392287068,1.0587199999999999,-0.31920000000000004,-0.8558,0.5366,-0.75
2020-03-20,0.6351571221343771,1.05468,0.1244,-0.5144,0.6388,-0.75
2020-03-27,0.6689385656008071,1.05958,0.2694,-0.40800000000000003,0.6774,-0.75
2020-04-03,0.6831139185896796,1.05636,0.19519999999999998,-0.42060000000000003,0.6158,-0.75
2020-04-10,0.6136686722151588,1.056425,0.25675,-0.35175,0.6085,-0.75
2020-04-17,0.5242374319719781,1.0527,0.20875,-0.44425000000000003,0.653,-0.75
2020-04-24,0.46919400371427394,1.0518800000000001,0.18639999999999998,-0.49400000000000005,0.6804,-0.75
2020-05-01,0.4020169391480385,1.0568,0.13924999999999998,-0.53075,0.67,-0.75
2020-05-08,0.3645877930840368,1.05324,0.0842,-0.5768,0.6609999999999999,-0.75
2020-05-15,0.3440542123223599,1.0518399999999999,0.0522,-0.5544,0.6066,-0.75
2020-05-22,0.30863301670986,1.05914,0.0515,-0.569,0.6205,-0.75
2020-05-29,0.2569225742144095,1.0655000000000001,0.0954,-0.5238,0.6192,-0.75
2020-06-05,0.24548357647298488,1.07744,0.13924999999999998,-0.44375,0.5830000000000001,-0.75
2020-06-12,0.25804310332891195,1.0757400000000001,0.13520000000000001,-0.40780000000000005,0.5429999999999999,-0.75
2020-06-19,0.2509816370137824,1.06776,0.0882,-0.4782,0.5664,-0.75
2020-06-26,0.20847284560497953,1.0661200000000002,0.101,-0.4662,0.5671999999999999,-0.75
2020-07-03,0.2128459534994497,1.06422,0.0898,-0.48019999999999996,0.5700000000000001,-0.75
2020-07-10,0.19984555953257271,1.0633599999999999,0.0754,-0.46720000000000006,0.5426,-0.75
2020-07-17,0.18819641990467395,1.07398,0.047200000000000006,-0.5006,0.5478000000000001,-0.75
2020-07-24,0.15146044564457556,1.07444,0.0312,-0.5142,0.5454000000000001,-0.75
2020-07-31,0.1258402563327376,1.0775000000000001,-0.0242,-0.5631999999999999,0.5389999999999999,-0.75
2020-08-07,0.136030253617305,1.07756,-0.0196,-0.5548,0.5352,-0.75
2020-08-14,0.1250573838940651,1.07652,0.004399999999999999,-0.533,0.5374,-0.75
2020-08-21,0.11132119743822955,1.07758,0.016,-0.5268,0.5428000000000001,-0.75
2020-08-28,0.08939557976269036,1.07518,0.020200000000000003,-0.505,0.5252000000000001,-0.75
2020-09-04,0.07149573645946022,1.0801399999999999,0.008799999999999999,-0.5078,0.5166000000000001,-0.75
2020-09-11,0.0803439506837742,1.07956,-0.024,-0.523,0.499,-0.75
2020-09-18,0.09719453008430938,1.07614,-0.0438,-0.5352,0.49140000000000006,-0.75
2020-09-25,0.12659225278359848,1.07704,-0.062,-0.5548,0.4928,-0.75
2020-10-02,0.12644079711029244,1.07984,-0.0686,-0.5636,0.495,-0.75
2020-10-09,0.10172881143430335,1.07842,-0.062,-0.5612,0.4992,-0.75
2020-10-16,0.08601524197851436,1.07264,-0.08499999999999999,-0.5742,0.4892,-0.75
2020-10-23,0.09058884698191474,1.0720800000000001,-0.0738,-0.5772,0.5034,-0.75
2020-10-30,0.11815874237403279,1.07052,-0.06639999999999999,-0.5824,0.516,-0.75
2020-11-06,0.11644465383869314,1.0696999999999999,-0.05720000000000001,-0.5728,0.5155999999999998,-0.75
2020-11-13,0.0766299499162197,1.07996,-0.0069999999999999975,-0.5128,0.5058,-0.75
2020-11-20,0.0982729880426625,1.0811,-0.031,-0.536,0.505,-0.75
2020-11-27,0.06776992470168376,1.08226,-0.0354,-0.5372,0.5018,-0.75
2020-12-04,0.0341298996278328,1.08294,-0.061399999999999996,-0.5774,0.516,-0.75
2020-12-11,0.02278537989448252,1.0778,-0.0982,-0.5894,0.49119999999999997,-0.75
2020-12-18,0.023818047705231958,1.07996,-0.1048,-0.6026,0.49779999999999996,-0.75
2020-12-25,0.02739870487308114,1.083375,-0.10566666666666667,-0.6093333333333333,0.5036666666666667,-0.75
2021-01-01,0.02722834446571914,1.084375,-0.083,-0.5823333333333333,0.49933333333333335,-0.75
2021-01-08,0.02159870369422382,1.0818999999999999,-0.1216,-0.6252,0.5035999999999999,-0.75
2021-01-15,0.0144960461377748,1.08074,-0.08399999999999999,-0.5642,0.48020000000000007,-0.75
2021-01-22,0.01053722235863566,1.0768,-0.09219999999999999,-0.5488000000000001,0.45660000000000006,-0.75
2021-01-29,0.013162132420992359,1.07802,-0.0974,-0.5582,0.46080000000000004,-0.75
2021-02-05,0.02205121450324648,1.08142,-0.05700000000000001,-0.5142,0.4572,-0.75
2021-02-12,0.02022589709508434,1.08138,-0.0332,-0.4748,0.44160000000000005,-0.75
2021-02-19,0.0116898482113589,1.08176,0.0010000000000000002,-0.41900000000000004,0.42000000000000004,-0.75
2021-02-26,0.007672316753727433,1.0985,0.0506,-0.3724,0.42300000000000004,-0.75
2021-03-05,0.014551433727040219,1.10616,0.02725,-0.395,0.42325,-0.75
2021-03-12,0.0147143915129249,1.1077400000000002,0.0024000000000000007,-0.3952,0.3976,-0.75
2021-03-19,0.009942267145576401,1.10598,-0.0005999999999999998,-0.389,0.38839999999999997,-0.75
2021-03-26,0.00342123944123716,1.1058400000000002,-0.025,-0.4332,0.4082,-0.75
2021-04-02,0.0031335793417827996,1.1075249999999999,0.0055,-0.40575,0.41125,-0.75
2021-04-09,0.006971399691931999,1.103625,-0.02,-0.40825,0.38825,-0.75
2021-04-16,0.006572026756478219,1.1017800000000002,-0.009,-0.3654,0.3564,-0.75
2021-04-23,0.01633599700737164,1.10252,-0.0186,-0.36719999999999997,0.34859999999999997,-0.75
2021-04-30,0.008048716618376339,1.10334,-0.0098,-0.3544,0.34459999999999996,-0.75
2021-05-07,0.009455454876899019,1.09754,-0.0042,-0.3268,0.3226,-0.75
2021-05-14,0.009733220024713421,1.09586,0.014249999999999999,-0.28600000000000003,0.30025,-0.75
2021-05-21,0.0039752943748514995,1.09726,0.0424,-0.2538,0.2962,-0.75
2021-05-28,0.00612978417679106,1.09638,-0.00625,-0.2945,0.28825,-0.75
2021-06-04,0.011632909212671839,1.09724,0.019200000000000002,-0.263,0.2822,-0.75
2021-06-11,0.00871650293286055,1.09106,-0.0098,-0.2964,0.2866,-0.75
2021-06-18,0.013516795858143301,1.091,-0.02,-0.33819999999999995,0.3182,-0.75
2021-06-25,0.0233903810332503,1.09566,0.0106,-0.3188,0.3294,-0.75
2021-07-02,0.01504059807869794,1.09688,0.017599999999999998,-0.3266,0.3442,-0.75
2021-07-09,0.02026503006027012,1.0897,-0.045399999999999996,-0.3912,0.3458,-0.75
2021-07-16,0.01348457294337256,1.0846,-0.0628,-0.40700000000000003,0.3442,-0.75
2021-07-23,0.013652777128304719,1.08386,-0.10740000000000001,-0.4652,0.3578,-0.75
2021-07-30,0.00613661261697898,1.07986,-0.12279999999999999,-0.4822,0.3594,-0.75
2021-08-06,0.003551768306243,1.07364,-0.1518,-0.5115999999999999,0.3598,-0.75
2021-08-13,0.00242207871453436,1.0814,-0.1372,-0.48119999999999996,0.344,-0.75
2021-08-20,0.004813935710894021,1.0726200000000001,-0.1528,-0.49119999999999997,0.3383999999999999,-0.75
2021-08-27,0.00561014570186964,1.07558,-0.1186,-0.4624,0.3438,-0.75
2021-09-03,0.006195387498759861,1.0830600000000001,-0.0926,-0.4378,0.3452,-0.75
2021-09-10,0.01000136609833774,1.0865,-0.0504,-0.3914,0.341,-0.75
2021-09-17,0.009372661456103399,1.0884399999999999,-0.0006000000000000005,-0.3586,0.358,-0.75
2021-09-24,0.01903726997152008,1.08418,0.038400000000000004,-0.3322,0.3706,-0.75
2021-10-01,0.014198735104388441,1.0828,0.1068,-0.2596,0.36639999999999995,-0.75
2021-10-08,0.00973302153274036,1.07362,0.11520000000000001,-0.2452,0.3604,-0.75
2021-10-15,0.00473493975845218,1.07176,0.1678,-0.191,0.3588,-0.75
2021-10-22,0.00315651847624294,1.0705,0.2044,-0.16260000000000002,0.367,-0.75
2021-10-29,0.00638680008059838,1.06574,0.211,-0.1502,0.3612,-0.75
2021-11-05,0.0108459734334891,1.05674,0.19540000000000002,-0.1748,0.3702,-0.75
2021-11-12,0.01101672871548862,1.05734,0.1308,-0.2354,0.36619999999999997,-0.75
2021-11-19,0.026780846720598363,1.0512799999999998,0.1532,-0.20739999999999997,0.3606,-0.75
2021-11-26,0.046406260128728505,1.04712,0.1156,-0.2476,0.36319999999999997,-0.75
2021-12-03,0.12042481989150396,1.04196,0.0606,-0.3082,0.3688,-0.75
2021-12-10,0.13053238933982705,1.04264,0.0158,-0.3556,0.3714,-0.75
2021-12-17,0.09296606880772693,1.04208,0.0194,-0.3538,0.37320000000000003,-0.75
2021-12-24,0.0734813422444226,1.0414400000000001,0.062,-0.318,0.38,-0.75
2021-12-31,0.062001086403209615,1.03702,0.1385,-0.2415,0.38,-0.75
2022-01-07,0.05253688779534392,1.03816,0.236,-0.14320000000000002,0.3792,-0.75
2022-01-14,0.038036577016234786,1.0463200000000001,0.32199999999999995,-0.0558,0.3778,-0.75
2022-01-21,0.024750382877610298,1.03922,0.3282,-0.0502,0.37839999999999996,-0.75
2022-01-28,0.06472604646222374,1.03654,0.309,-0.076,0.385,-0.75
2022-02-04,0.07496418904049566,1.0430199999999998,0.42460000000000003,0.0338,0.39080000000000004,-0.75
2022-02-11,0.13482728127972043,1.05598,0.6348,0.2432,0.39160000000000006,-0.75
2022-02-18,0.14695999887653838,1.04778,0.6278,0.21600000000000003,0.41180000000000005,-0.75
2022-02-25,0.1389222981625954,1.03916,0.6012000000000001,0.16299999999999998,0.4382,-0.75
2022-03-04,0.17907294367612028,1.02094,0.5296000000000001,0.0796,0.45,-0.75
2022-03-11,0.3519297743675024,1.01756,0.6434,0.13820000000000002,0.5052,-0.75
2022-03-18,0.3837585493989037,1.0321200000000001,0.8096,0.2884,0.5212,-0.75
2022-03-25,0.33957413379016377,1.02508,0.8785999999999999,0.3442,0.5344,-0.75
2022-04-01,0.33639613970261745,1.0282399999999998,1.0702,0.5638,0.5064,-0.75
2022-04-08,0.3453996534245348,1.01742,1.057,0.5288,0.5282,-0.75
2022-04-15,0.2684291860441571,1.0154,1.28475,0.738,0.54675,-0.75
2022-04-22,0.22526536886219609,1.0283250000000002,1.353,0.77625,0.57675,-0.75
2022-04-29,0.3169985121727033,1.0234,1.2866,0.7034,0.5831999999999999,-0.75
2022-05-06,0.34578535343184297,1.03246,1.3844,0.7596,0.6248,-0.75
2022-05-13,0.3527968314287735,1.04298,1.3774000000000002,0.7184,0.659,-0.75
2022-05-20,0.3945479423698057,1.03934,1.3038,0.5942000000000001,0.7096,-0.75
2022-05-27,0.4186782430872701,1.02908,1.3195,0.5725,0.7469999999999999,-0.75
2022-06-03,0.3919379266616417,1.0294599999999998,1.5044,0.736,0.7684,-0.25
2022-06-10,0.3967194315740838,1.04256,1.6795,0.90025,0.77925,-0.25
2022-06-17,0.5200168686414418,1.02902,2.0438,1.2124,0.8314,-0.25
2022-06-24,0.5563752013969194,1.01462,2.0354,1.2074,0.828,-0.25
2022-07-01,0.48288149760863447,1.00472,1.9642,1.0824,0.8817999999999999,-0.25
2022-07-08,0.4431996758891379,0.99368,1.6556000000000002,0.6567999999999999,0.9987999999999999,-0.25
2022-07-15,0.4362120098456918,0.9862,1.6416,0.6152,1.0264,-0.25
2022-07-22,0.3910552777239716,0.98962,1.7248,0.6904,1.0344000000000002,-0.25
2022-07-29,0.37936528859556556,0.97782,1.4634,0.46959999999999996,0.9937999999999999,-0.25
2022-08-05,0.3864895508343352,0.9755,1.34525,0.348,0.99725,-0.25
2022-08-12,0.36001023422552064,0.9728,1.4078,0.41,0.9978,-0.25
2022-08-19,0.3170944069992002,0.9648199999999999,1.472,0.44560000000000005,1.0264,-0.25
2022-08-26,0.34592404664309173,0.96032,1.7634,0.6961999999999999,1.0672000000000001,-0.25
2022-09-02,0.3359097636320266,0.97696,1.9088,0.7971999999999999,1.1116,0.5
2022-09-09,0.4023040074539158,0.9727600000000001,1.9218,0.8320000000000001,1.0897999999999999,0.5
2022-09-16,0.4653323985427879,0.96198,2.1024000000000003,0.9972,1.1052,0.5
2022-09-23,0.5242182822055098,0.9620000000000001,2.1808,1.149,1.0318,0.5
2022-09-30,0.6784665423551707,0.9518800000000001,2.3862,1.2902,1.096,0.5
2022-10-07,0.7250184343657391,0.9718,2.1424,1.0388,1.1036000000000001,0.5
2022-10-14,0.7107436420625397,0.9700200000000001,2.4463999999999997,1.3188,1.1276,0.5
2022-10-21,0.7032273628854526,0.9811,2.3497999999999997,1.2448000000000001,1.105,0.5
2022-10-28,0.6570721264825268,0.9906,2.2386,1.1146,1.1239999999999999,0.5
2022-11-04,0.5924226057443704,0.9883200000000001,2.1622,1.0392,1.123,0.5
2022-11-11,0.5685901834718166,0.9868600000000001,2.1048,1.0346,1.0702,0.5
2022-11-18,0.476962096631774,0.9807,1.9828,0.9955999999999999,0.9872000000000002,0.5
2022-11-25,0.3902125702970639,0.9811400000000001,1.8718,0.953,0.9188000000000001,0.5
2022-12-02,0.32927597450116597,0.9858,1.8198,0.9865999999999999,0.8332,1.0
2022-12-09,0.26944855872814816,0.9880599999999999,1.725,0.9884000000000001,0.7365999999999999,1.0
2022-12-16,0.2441592233297361,0.9865999999999999,1.7746000000000002,1.1342,0.6404,1.0
2022-12-23,0.31989645369135633,0.98586,2.0504,1.3574,0.693,1.0
2022-12-30,0.3103137847025799,0.9858750000000001,2.2335000000000003,1.504,0.7295,1.0
2023-01-06,0.2536583681955983,0.9859600000000001,2.08,1.37125,0.70875,1.0
2023-01-13,0.2349006049219685,0.99694,1.9032,1.2174,0.6858000000000001,1.0
2023-01-20,0.18733791250832277,0.99626,1.7806000000000002,1.0632,0.7173999999999999,1.0
2023-01-27,0.1746547416725967,1.0021,1.8576000000000001,1.1469999999999998,0.7106,1.0
2023-02-03,0.14123574098110672,1.00076,1.8732,1.1808,0.6923999999999999,1.0
2023-02-10,0.14003625297493777,0.9902599999999999,1.9478000000000002,1.2742,0.6736,1.0
2023-02-17,0.13289375604740197,0.9874600000000001,2.0724,1.3321999999999998,0.7402000000000001,1.0
2023-02-24,0.09365610036832878,0.98748,2.1256,1.3622,0.7634000000000001,1.0
2023-03-03,0.09004666963305566,0.99638,2.185,1.4232,0.7618,1.5
2023-03-10,0.09526958421868492,0.9914400000000001,2.2003999999999997,1.4384000000000001,0.7619999999999999,1.5
2023-03-17,0.22158349003745093,0.9787800000000001,1.9588,1.0998,0.859,1.5
2023-03-24,0.3313966244226426,0.9940200000000001,2.0364,0.9852000000000001,1.0512000000000001,1.5
2023-03-31,0.3490598225223204,0.99452,2.1448,1.1301999999999999,1.0146000000000002,1.5
2023-04-07,0.2908548564815703,0.99205,2.1795,1.1675,1.012,1.5
2023-04-14,0.21884885887903532,0.9838,2.18275,1.09,1.0927499999999999,1.5
2023-04-21,0.16320455952586457,0.9815200000000001,2.2256,1.0628,1.1628,1.5
2023-04-28,0.14424744358859565,0.9822200000000001,2.1482,1.0522,1.096,1.5
2023-05-05,0.15776812572122995,0.982,2.09575,1.019,1.07675,1.5
2023-05-12,0.16107636973796163,0.9774799999999999,2.0446,0.9853999999999999,1.0592000000000001,1.5
2023-05-19,0.13786411978104357,0.9739599999999999,2.02725,0.94075,1.0864999999999998,1.5
2023-05-26,0.11084563063712874,0.9712999999999999,2.0968,0.9896,1.1072000000000002,1.5
2023-06-02,0.13382618798722162,0.9717399999999999,1.9785,0.8525,1.126,1.75
2023-06-09,0.15453030793455863,0.97202,2.0263999999999998,0.893,1.1334,1.75
2023-06-16,0.10911147833280876,0.9763400000000001,2.1294,0.9652000000000001,1.1642,1.75
2023-06-23,0.08947869859065778,0.9796199999999999,2.0968,0.9574,1.1394000000000002,1.75
2023-06-30,0.07869961283063429,0.9783799999999999,1.9308,0.8859999999999999,1.0448,1.75
2023-07-07,0.07691926156695642,0.9771000000000001,1.9566,0.9114000000000001,1.0452,1.75
2023-07-14,0.10228724056650021,0.96844,2.0263999999999998,1.0050000000000001,1.0213999999999999,1.75
2023-07-21,0.10021756386697467,0.96384,1.8850000000000002,0.8821999999999999,1.0028000000000001,1.75
2023-07-28,0.07040499030089464,0.95676,1.908,0.914,0.994,1.75
2023-08-04,0.08843178854414999,0.96096,1.96975,0.98625,0.9835,1.75
2023-08-11,0.10062937343806673,0.96174,1.9254000000000002,0.952,0.9734,1.75
2023-08-18,0.10844450305676834,0.9585000000000001,1.9736,1.018,0.9556000000000001,1.75
2023-08-25,0.08781939077486225,0.9560600000000001,1.9286,0.9863999999999999,0.9422,1.75
2023-09-01,0.06818470217116987,0.95686,1.8922,0.9516,0.9405999999999999,1.75
2023-09-08,0.062479381412523335,0.9551399999999999,1.9146,0.9654,0.9491999999999999,1.75
2023-09-15,0.05961277361200444,0.9570399999999999,1.9482,1.0528,0.8954000000000001,1.75
2023-09-22,0.0567863920143605,0.96076,1.9744,1.0555999999999999,0.9188000000000001,1.75
2023-09-29,0.08251788423613482,0.96756,1.9825,1.0582,0.9255,1.75
2023-10-06,0.09959375221294432,0.96364,1.9687999999999999,1.1064,0.8624,1.75
2023-10-13,0.1272899673583805,0.95716,1.8918,1.0664000000000002,0.8253999999999999,1.75
2023-10-20,0.1486340775404588,0.94852,1.9167999999999998,1.1016,0.8152000000000001,1.75
2023-10-27,0.12107956401856801,0.94808,1.8742,1.0632,0.8109999999999999,1.75
2023-11-03,0.0909208289943875,0.9598000000000001,1.8114000000000001,1.034,0.7774,1.75
2023-11-10,0.09746195245838336,0.96288,1.8039999999999998,1.0938,0.7101999999999999,1.75
2023-11-17,0.09265434802635145,0.96516,1.7608000000000001,0.9942,0.7666000000000001,1.75
2023-11-24,0.09892014331125767,0.96524,1.7418,0.9376,0.8042,1.75
2023-12-01,0.09153917739841774,0.9601,1.6796,0.8698,0.8097999999999999,1.75
2023-12-08,0.08193709349498636,0.9449,1.5239999999999998,0.703,0.821,1.75
2023-12-15,0.085633555052109,0.94702,1.4896,0.657,0.8326,1.75
2023-12-22,0.11047722435693985,0.94518,1.4454,0.627,0.8184000000000001,1.75
2023-12-29,0.12479215768467222,0.9333333333333332,1.4766666666666666,0.6603333333333333,0.8163333333333332,1.75
2024-01-05,0.0856797322536347,0.9315,1.5563333333333331,0.7386666666666666,0.8176666666666667,1.75
2024-01-12,0.0657952149753374,0.9329000000000001,1.6263999999999998,0.8119999999999999,0.8144,1.75
2024-01-19,0.05987695365761444,0.94018,1.6242,0.8228,0.8013999999999999,1.75
2024-01-26,0.04155166836686584,0.9427,1.6234000000000002,0.8656,0.7578,1.75
2024-02-02,0.042197958991792475,0.93406,1.5572,0.8093999999999999,0.7478,1.75
2024-02-09,0.0412222731092585,0.93894,1.6027999999999998,0.8678000000000001,0.7350000000000001,1.75
2024-02-16,0.038700316368741286,0.94758,1.5666,0.8562,0.7103999999999999,1.75
2024-02-23,0.041841476802163116,0.9517,1.5878,0.8417999999999999,0.746,1.75
2024-03-01,0.04302685785280714,0.9545199999999999,1.556,0.8102,0.7458,1.5
2024-03-08,0.03699717148404945,0.9599399999999999,1.4626,0.7083999999999999,0.7542,1.5
2024-03-15,0.020734548044085598,0.9602,1.4612,0.713,0.7482,1.5
2024-03-22,0.01034487259320208,0.9682600000000001,1.5211999999999999,0.7154,0.8058,1.5
2024-03-29,0.017383475430379238,0.9777750000000001,1.455,0.651,0.804,1.5
2024-04-05,0.01651774247763606,0.9799,1.4845000000000002,0.7024999999999999,0.782,1.5
2024-04-12,0.01175206318676986,0.9787800000000001,1.4731999999999998,0.7128,0.7604,1.5
2024-04-19,0.02419037715308674,0.97028,1.5158,0.724,0.7918,1.5
2024-04-26,0.03241578903408014,0.97524,1.52,0.7394000000000001,0.7806,1.5
2024-05-03,0.02234402197782538,0.97665,1.49975,0.72275,0.777,1.5
2024-05-10,0.034373022928969384,0.9766600000000001,1.4755,0.713,0.7625000000000001,1.5
2024-05-17,0.028036537249091442,0.98124,1.5062000000000002,0.741,0.7652,1.5
2024-05-24,0.017241724601846538,0.99,1.53375,0.7725,0.76125,1.5
2024-05-31,0.0126854722700385,0.98726,1.5996000000000001,0.8532,0.7464,1.5
2024-06-07,0.00853386811587266,0.9712400000000001,1.595,0.8632,0.7318,1.25
2024-06-14,0.02036198959621646,0.96204,1.573,0.8402000000000001,0.7328,1.25
2024-06-21,0.06660541673336347,0.9532399999999999,1.4466,0.698,0.7486,1.25
2024-06-28,0.0839337283739772,0.95968,1.3424,0.5984,0.744,1.25
2024-07-05,0.0744074121494635,0.97102,1.4002,0.6524,0.7478,1.25
2024-07-12,0.050100617207630996,0.97284,1.3516,0.6258,0.7258,1.25
2024-07-19,0.036310192116670297,0.97126,1.2757999999999998,0.563,0.7128,1.25
2024-07-26,0.0460284439226288,0.9617799999999999,1.259,0.546,0.713,1.25
2024-08-02,0.0874023600108596,0.95206,1.18025,0.4645,0.71575,1.25
2024-08-09,0.20614579422798132,0.93682,1.1086,0.4056,0.7030000000000001,1.25
2024-08-16,0.17092699461518684,0.9513400000000001,1.1092,0.41340000000000005,0.6958,1.25
2024-08-23,0.12154282297160826,0.95078,1.0817999999999999,0.39180000000000004,0.6900000000000001,1.25
2024-08-30,0.06861541199261396,0.9410999999999999,1.1176,0.4378,0.6798,1.25
2024-09-06,0.06508433739707016,0.9395,1.0984,0.4394,0.659,1.0
2024-09-13,0.07114062282830276,0.93768,1.0632,0.4236,0.6396,1.0
2024-09-20,0.0661481711548671,0.94266,1.0548,0.4144,0.6404,1.0
2024-09-27,0.06550962908078181,0.9450799999999999,1.0558,0.42679999999999996,0.6289999999999999,1.0
2024-10-04,0.06730133808423318,0.94004,0.9818,0.369,0.6128,1.0
2024-10-11,0.054856588449044195,0.93932,1.0514,0.4628,0.5886,1.0
2024-10-18,0.037722287893793935,0.93976,0.9965999999999999,0.41900000000000004,0.5776,1.0
2024-10-25,0.02519219022755666,0.9363199999999999,1.0151999999999999,0.42160000000000003,0.5936,1.0
2024-11-01,0.019666023481063978,0.93936,0.9902,0.3932,0.597,1.0
2024-11-08,0.02453527727558644,0.9400999999999999,0.9705999999999999,0.364,0.6066,1.0
2024-11-15,0.06338956097456414,0.9372,0.9368000000000001,0.3476,0.5892,1.0
2024-11-22,0.05618706647308454,0.93202,0.9208000000000001,0.3456,0.5751999999999999,1.0
2024-11-29,0.06532981566452786,0.9314,0.857,0.261,0.596,1.0
2024-12-06,0.051716078049700874,0.9303799999999999,0.7426,0.1724,0.5702,0.5
2024-12-13,0.02816124805417138,0.9309200000000001,0.7914,0.2234,0.5680000000000001,0.5
2024-12-20,0.0279637572939141,0.93566,0.7726,0.2068,0.5658000000000001,0.5
2024-12-27,0.03222154441927662,0.9363333333333334,0.7925,0.224,0.5685,0.5
2025-01-03,0.02376849859402742,0.9395,0.8009999999999999,0.23199999999999998,0.569,0.5
2025-01-10,0.01423399598979036,0.9402799999999999,0.9,0.3286,0.5714,0.5
2025-01-17,0.016098651375492858,0.9381,0.9603999999999999,0.39059999999999995,0.5698000000000001,0.5
2025-01-24,0.01756336195984372,0.94482,0.9032,0.3386,0.5646000000000001,0.5
2025-01-31,0.01743119256470576,0.94428,0.9274000000000001,0.37120000000000003,0.5562,0.5
2025-02-07,0.01402506042378284,0.9397399999999999,0.8512000000000001,0.2944,0.5568,0.5
2025-02-14,0.01609491106578552,0.9429000000000001,0.8782,0.3272,0.551,0.5
2025-02-21,0.00944471388496684,0.9428599999999999,1.0102,0.46180000000000004,0.5484,0.5
2025-02-28,0.0049612225832616,0.9398799999999999,0.9696,0.4202,0.5494,0.5
2025-03-07,0.02904343632882318,0.9487,1.0353999999999999,0.489,0.5464,0.25
2025-03-14,0.037855790606910675,0.9591799999999999,1.2146,0.671,0.5436,0.25
2025-03-21,0.027086680796275582,0.9582200000000001,1.1916,0.6164,0.5751999999999999,0.25
2025-03-28,0.015340237646168662,0.95328,1.1532,0.576,0.5772,0.25
2025-04-04,0.03894690251937568,0.95078,0.9645999999999999,0.3892,0.5753999999999999,0.25
2025-04-11,0.1894599182088762,0.9311,0.969,0.3366,0.6324,0.25
2025-04-18,0.18694340630220588,0.92805,0.9565,0.32025000000000003,0.63625,0.25
2025-04-25,0.15337150985107298,0.937825,0.9445,0.3215,0.623,0.25
2025-05-02,0.11534388385209256,0.9386,0.88525,0.24925,0.636,0.25
2025-05-09,0.06761143725936372,0.93438,0.8193999999999999,0.1954,0.624,0.25
2025-05-16,0.03800101633560064,0.9375,0.874,0.255,0.619,0.25
2025-05-23,0.02596470964773906,0.9350799999999999,0.8705999999999999,0.2486,0.622,0.25
2025-05-30,0.022253053435168303,0.9357200000000001,0.812,0.16999999999999998,0.6419999999999999,0.25
2025-06-06,0.015220164899581301,0.9362400000000001,0.7694,0.14279999999999998,0.6266,0.0
2025-06-13,0.022962430608161617,0.9389799999999999,0.812,0.17475000000000002,0.63725,0.0
2025-06-20,0.03005104913422742,0.94012,0.8426,0.22080000000000002,0.6218,0.0
2025-06-27,0.02400926005144768,0.93746,0.9234,0.28440000000000004,0.639,0.0
2025-07-04,0.030362821316282963,0.9339600000000001,0.9385999999999999,0.2976,0.641,0.0
2025-07-11,0.028096440258425302,0.9332,0.9658,0.33440000000000003,0.6314,0.0
2025-07-18,0.03087405788401078,0.93158,0.9958,0.35459999999999997,0.6412,0.0
2025-07-25,0.03278996329222262,0.9328200000000001,0.9621999999999999,0.3262,0.6359999999999999,0.0
2025-08-01,0.0254983345320044,0.930925,0.9225,0.2835,0.639,0.0
